ID,Title,Artist,Year,ISRC,Youtube-URL,URL,Spotify-URL,QR
00001,Wann wird's mal wieder richtig Sommer,Rudi Carrell,1975,,https://www.youtube.com/watch?v=KzEOvyDcVas,https://hitstergame.com/de/00001,,
00002,You Can Call Me Al,Paul Simon,1986,,https://www.youtube.com/watch?v=uq-gYOrU8bA,https://hitstergame.com/de/00002,,
00003,Start Me Up,The Rolling Stones,1981,,https://www.youtube.com/watch?v=SGyOaCXr8Lw,https://hitstergame.com/de/00003,,
00004,The Twist,Chubby Checker,1960,,https://www.youtube.com/watch?v=-CCgDvUM4TM,https://hitstergame.com/de/00004,,
00005,Blurred Lines,Robin Thicke feat. T.I. & Pharrell Williams,2013,,https://www.youtube.com/watch?v=yyDUC1LUXSU,https://hitstergame.com/de/00005,,
00006,Hangover,"Taio Cruz, Flo Rida",2011,,https://www.youtube.com/watch?v=dLhFDYQHDQY,https://hitstergame.com/de/00006,,
00007,One More Time,Daft Punk,2000,,https://www.youtube.com/watch?v=FGBhQbmPwH8,https://hitstergame.com/de/00007,,
00008,China In Your Hand,T'Pau,1987,,https://www.youtube.com/watch?v=T4sV3lqzKqQ,https://hitstergame.com/de/00008,,
00009,The Best,Tina Turner,1989,,https://www.youtube.com/watch?v=GC5E8ie2pdM,https://hitstergame.com/de/00009,,
00010,The Hustle,Van McCoy & The Soul City Symphony,1975,,https://www.youtube.com/watch?v=SFzMs2SN--s,https://hitstergame.com/de/00010,,
00011,Piece of My Heart,Erma Franklin,1967,,https://youtu.be/L0QAxIKf8G4?t=16,https://hitstergame.com/de/00011,,
00012,Hungry Eyes,Eric Carmen,1987,,https://www.youtube.com/watch?v=2ssCL292DQA,https://hitstergame.com/de/00012,,
00013,Karma Chameleon,Culture Club,1983,,https://www.youtube.com/watch?v=JmcA9LIIXWw,https://hitstergame.com/de/00013,,
00014,99 Luftballons,Nena,1983,,https://www.youtube.com/watch?v=Fpu5a0Bl8eY,https://hitstergame.com/de/00014,,
00015,Beinhart,Torfrock,1990,,https://www.youtube.com/watch?v=Pmi0XqTlEY8,https://hitstergame.com/de/00015,,
00016,In Da Club,50 Cent,2003,,https://www.youtube.com/watch?v=5qm8PH4xAss,https://hitstergame.com/de/00016,,
00017,Don't Go,Yazoo,1982,,https://www.youtube.com/watch?v=_sQGwDeambg,https://hitstergame.com/de/00017,,
00018,I Wanna Dance with Somebody (Who Loves Me),Whitney Houston,1987,,https://www.youtube.com/watch?v=LX366rnYTB4,https://hitstergame.com/de/00018,,
00019,7 Years,Lukas Graham,2015,,https://www.youtube.com/watch?v=LHCob76kigA,https://hitstergame.com/de/00019,,
00020,Sugar-Baby,Peter Kraus,1958,,https://www.youtube.com/watch?v=-9R3_53qe08,https://hitstergame.com/de/00020,,
00021,Lean On (feat. MØ),Major Lazer & DJ Snake,2015,,https://www.youtube.com/watch?v=YqeW9_5kURI,https://hitstergame.com/de/00021,,
00022,Einmal um die Welt,CRO,2012,,https://www.youtube.com/watch?v=u2pySXCmwpc,https://hitstergame.com/de/00022,,
00023,Ich will keine Schokolade,Trude Herr,1960,,https://www.youtube.com/watch?v=2OqgIupSf5k,https://hitstergame.com/de/00023,,
00024,80 Millionen,Max Giesinger,2016,,https://www.youtube.com/watch?v=uC08L4xxjNM,https://hitstergame.com/de/00024,,
00025,Friday I'm In Love,The Cure,1992,,https://www.youtube.com/watch?v=mGgMZpGYiy8,https://hitstergame.com/de/00025,,
00026,What Is Love,Haddaway,1993,,https://www.youtube.com/watch?v=HEXWRTEbj1I,https://hitstergame.com/de/00026,,
00027,Auf uns,Andreas Bourani,2014,,https://www.youtube.com/watch?v=k9EYjn5f_nE,https://hitstergame.com/de/00027,,
00028,Don't Stop Believin',Journey,1981,,https://www.youtube.com/watch?v=1k8craCGpgs,https://hitstergame.com/de/00028,,
00029,Orinoco Flow,Enya,1988,,https://www.youtube.com/watch?v=LTrk4X9ACtw,https://hitstergame.com/de/00029,,
00030,Über den Wolken,Reinhard Mey,1974,,https://www.youtube.com/watch?v=fZMFF8QH3ew,https://hitstergame.com/de/00030,,
00031,Rehab,Amy Winehouse,2006,,https://www.youtube.com/watch?v=KUmZp8pR1uc,https://hitstergame.com/de/00031,,
00032,Liebeskummer lohnt sich nicht,Siw Malmkvist,1964,,https://www.youtube.com/watch?v=mUUJxMiznfc,https://hitstergame.com/de/00032,,
00033,You Make Me Feel (Mighty Real),Sylvester,1978,,https://www.youtube.com/watch?v=gD6cPE2BHic,https://hitstergame.com/de/00033,,
00034,Sweet Home Alabama,Lynyrd Skynyrd,1974,,https://www.youtube.com/watch?v=-35W_FWCT9Q,https://hitstergame.com/de/00034,,
00035,He Ain't Heavy He's My Brother,The Hollies,1969,,https://www.youtube.com/watch?v=eUWZqbumaZo,https://hitstergame.com/de/00035,,
00036,Eine neue Liebe ist wie ein neues Leben,Jürgen Marcus,1972,,https://www.youtube.com/watch?v=TGMSNWOzhtM,https://hitstergame.com/de/00036,,
00037,Manic Monday,The Bangles,1986,,https://www.youtube.com/watch?v=SsmVgoXDq2w,https://hitstergame.com/de/00037,,
00038,Paradise By the Dashboard Light,Meat Loaf,1978,,https://www.youtube.com/watch?v=C11MzbEcHlw,https://hitstergame.com/de/00038,,
00039,Never Ending Story,Limahl,1984,,https://www.youtube.com/watch?v=Gf1WT8VEZxk,https://hitstergame.com/de/00039,,
00040,Don't Call Me Up,Mabel,2019,,https://www.youtube.com/watch?v=9TQKyDD9Yig,https://hitstergame.com/de/00040,,
00041,Under the Bridge,Red Hot Chili Peppers,1992,,https://www.youtube.com/watch?v=GLvohMXgcBo,https://hitstergame.com/de/00041,,
00042,König von Deutschland,Rio Reiser,1986,,https://www.youtube.com/watch?v=BzGHhaMUqSQ,https://hitstergame.com/de/00042,,
00043,Upside Down,Diana Ross,1980,,https://www.youtube.com/watch?v=lZ9OP5dzkQg,https://hitstergame.com/de/00043,,
00044,Don't Speak,No Doubt,1996,,https://www.youtube.com/watch?v=TR3Vdo5etCQ,https://hitstergame.com/de/00044,,
00045,(I Can't Get No) Satisfaction,The Rolling Stones,1965,,https://www.youtube.com/watch?v=nrIPxlFzDi0,https://hitstergame.com/de/00045,,
00046,Dilemma (feat. Kelly Rowland) Nelly,Kelly Rowland,2002,,https://www.youtube.com/watch?v=8WYHDfJDPDc,https://hitstergame.com/de/00046,,
00047,Lola,The Kinks,1970,,https://www.youtube.com/watch?v=LemG0cvc4oU,https://hitstergame.com/de/00047,,
00048,Captain Jack,Captain Jack,1995,,https://www.youtube.com/watch?v=0Bb_w7nOBwg,https://hitstergame.com/de/00048,,
00049,True Colors,Cyndi Lauper,1986,,https://www.youtube.com/watch?v=LPn0KFlbqX8,https://hitstergame.com/de/00049,,
00050,Hey Ya!,Outkast,2003,,https://www.youtube.com/watch?v=PWgvGjAhvIw,https://hitstergame.com/de/00050,,
00051,Guajira Guantanamera,Joseito Fernandez,1929,,https://www.youtube.com/watch?v=SVMyUUTfk80,https://hitstergame.com/de/00051,,
00052,La Cintura,Alvaro Soler,2018,,https://www.youtube.com/watch?v=Eg4LUvUjUWI,https://hitstergame.com/de/00052,,
00053,Sick and Tired,Anastacia,2004,,https://www.youtube.com/watch?v=HzfyCuPVpCY,https://hitstergame.com/de/00053,,
00054,If You Leave Me Now,Chicago,1976,,https://www.youtube.com/watch?v=-9_d-sFhmRM,https://hitstergame.com/de/00054,,
00055,"Siebzehn Jahr, blondes Haar",Udo Jürgens,1965,,https://www.youtube.com/watch?v=1_ReKoTY8eY,https://hitstergame.com/de/00055,,
00056,Murder On The Dancefloor,Sophie Ellis-Bextor,2001,,https://www.youtube.com/watch?v=hAx6mYeC6pY,https://hitstergame.com/de/00056,,
00057,Sing Hallelujah!,Dr. Alban,1993,,https://www.youtube.com/watch?v=pKxJca7LLNM,https://hitstergame.com/de/00057,,
00058,Set Fire to the Rain,Adele,2011,,https://www.youtube.com/watch?v=a2giXO6eyuI,https://hitstergame.com/de/00058,,
00059,Herz an Herz,Blümchen,1996,,https://www.youtube.com/watch?v=eGUsqIPurNQ,https://hitstergame.com/de/00059,,
00060,Tage Wie diese,Die Toten Hosen,2012,,https://www.youtube.com/watch?v=j09hpp3AxIE,https://hitstergame.com/de/00060,,
00061,Sweet Caroline,Neil Diamond,1969,,https://www.youtube.com/watch?v=4F_RCWVoL4s,https://hitstergame.com/de/00061,,
00062,Do Wah Diddy Diddy,Manfred Mann,1964,,https://www.youtube.com/watch?v=1UingsUi0mI,https://hitstergame.com/de/00062,,
00063,Über sieben Brücken musst du gehn,Karat,1978,,https://www.youtube.com/watch?v=28MMYPoG8ag,https://hitstergame.com/de/00063,,
00064,Don't Leave Me This Way,Thelma Houston,1976,,https://www.youtube.com/watch?v=rUdw7V-FC_Q,https://hitstergame.com/de/00064,,
00065,Can't Hold Us (feat. Ray Dalton),Macklemore & Ryan Lewis,2011,,https://www.youtube.com/watch?v=96L5sV7rqX0,https://hitstergame.com/de/00065,,
00066,Do You Know? (The Ping Pong Song),Enrique Iglesias,2007,,https://www.youtube.com/watch?v=UqON44CLaQM,https://hitstergame.com/de/00066,,
00067,Warum?,Tic Tac Toe,1997,,https://www.youtube.com/watch?v=S2lWV74yZ5o,https://hitstergame.com/de/00067,,
00068,Gimme Hope Jo'Anna,Eddy Grant,1988,,https://www.youtube.com/watch?v=3P-imA4618Y,https://hitstergame.com/de/00068,,
00069,Wind of Change,Scorpions,1991,,https://www.youtube.com/watch?v=n4RjJKxsamQ,https://hitstergame.com/de/00069,,
00070,Le Freak,CHIC,1978,,https://www.youtube.com/watch?v=aXgSHL7efKg,https://hitstergame.com/de/00070,,
00071,Haus am See,Peter Fox,2008,,https://www.youtube.com/watch?v=j-XKgB5guDQ,https://hitstergame.com/de/00071,,
00072,Poker Face,Lady Gaga,2008,,https://www.youtube.com/watch?v=bESGLojNYSo,https://hitstergame.com/de/00072,,
00073,It's a Heartache,Bonnie Tyler,1977,,https://www.youtube.com/watch?v=bEOl38y8Nj8,https://hitstergame.com/de/00073,,
00074,Johnny B. Goode,Chuck Berry,1958,,https://www.youtube.com/watch?v=Uf4rxCB4lys,https://hitstergame.com/de/00074,,
00075,White Wedding,Billy Idol,1982,,https://www.youtube.com/watch?v=AAZQaYKZMTI,https://hitstergame.com/de/00075,,
00076,"Rigoletto: ""La Donna E' Mobile""",Enrico Caruso,1908,,https://www.youtube.com/watch?v=RZNkoRb2iLQ,https://hitstergame.com/de/00076,,
00077,Without You (feat. Sandro Cavazza),"Avicii, Sandro Cavazza",2017,,https://www.youtube.com/watch?v=As_4JTmHuW4,https://hitstergame.com/de/00077,,
00078,Volare (Nel Blu di Pinto di Blu),Gipsy Kings,1989,,https://www.youtube.com/watch?v=X8TOhb_4jU0,https://hitstergame.com/de/00078,,
00079,Ca plane pour moi,Plastic Bertrand,1977,,https://www.youtube.com/watch?v=8soQkubMk1g,https://hitstergame.com/de/00079,,
00080,Born to Be Alive,Patrick Hernandez,1978,,https://www.youtube.com/watch?v=9UaJAnnipkY,https://hitstergame.com/de/00080,,
00081,Whole Lotta Love,Led Zeppelin,1969,,https://www.youtube.com/watch?v=HibBnC6SVk8,https://hitstergame.com/de/00081,,
00082,Ein Kompliment,Sportfreunde Stiller,2002,,https://www.youtube.com/watch?v=C4uXGzFZjqw,https://hitstergame.com/de/00082,,
00083,In the Mood,Glenn Miller,1939,,https://www.youtube.com/watch?v=_CI-0E_jses,https://hitstergame.com/de/00083,,
00084,Wahnsinn,Wolfgang Petry,1983,,https://www.youtube.com/watch?v=ExgfgiW-BJI,https://hitstergame.com/de/00084,,
00085,Counting Stars,OneRepublic,2013,,https://www.youtube.com/watch?v=hT_nvWreIhg,https://hitstergame.com/de/00085,,
00086,Dragostea din tei,O-Zone,2003,,https://www.youtube.com/watch?v=YnopHCL1Jk8,https://hitstergame.com/de/00086,,
00087,Everybody Hurts,R.E.M.,1992,,https://www.youtube.com/watch?v=5rOiW_xY-kc,https://hitstergame.com/de/00087,,
00088,Just Give Me a Reason (feat. Nate Ruess),"Pink, Nate Ruess",2013,,https://www.youtube.com/watch?v=OpQFFLBMEPI,https://hitstergame.com/de/00088,,
00089,Joyride,Roxette,1991,,https://www.youtube.com/watch?v=xCorJG9mubk,https://hitstergame.com/de/00089,,
00090,(We're Gonna) Rock Around The Clock,Bill Haley & His Comets,1954,,https://www.youtube.com/watch?v=hzYBEJgKjv0,https://hitstergame.com/de/00090,,
00091,Bette Davis Eyes,Kim Carnes,1981,,https://www.youtube.com/watch?v=EPOIS5taqA8,https://hitstergame.com/de/00091,,
00092,Lambada,Kaoma,1989,,https://www.youtube.com/watch?v=iyLdoQGBchQ,https://hitstergame.com/de/00092,,
00093,Ain't Nobody,"Rufus, Chaka Khan",1983,,https://www.youtube.com/watch?v=uBnISf3Rjx8,https://hitstergame.com/de/00093,,
00094,Have You Ever Seen The Rain,Creedence Clearwater Revival,1971,,https://youtu.be/u1V8YRJnr4Q?t=16,https://hitstergame.com/de/00094,,
00095,(I've Had) The Time of My Life,"Bill Medley, Jennifer Warnes",1987,,https://www.youtube.com/watch?v=4BQLE_RrTSU,https://hitstergame.com/de/00095,,
00096,Piu bella cosa,Eros Ramazzotti,1996,,https://www.youtube.com/watch?v=eTOKcxIujgE,https://hitstergame.com/de/00096,,
00097,No Son Of Mine,Genesis,1991,,https://www.youtube.com/watch?v=cddQn1mZRfI,https://hitstergame.com/de/00097,,
00098,Happy,Pharrell Williams,2013,,https://www.youtube.com/watch?v=ZbZSe6N_BXs,https://hitstergame.com/de/00098,,
00099,Wonderwall,Oasis,1995,,https://www.youtube.com/watch?v=FVdjZYfDuLE,https://hitstergame.com/de/00099,,
00100,You Can't Hurry Love,The Supremes,1966,,https://www.youtube.com/watch?v=nq_TX5ZR0rU,https://hitstergame.com/de/00100,,
00101,Gold Digger,"Kanye West, Jamie Foxx",2005,,https://www.youtube.com/watch?v=6vwNcNOTVzY,https://hitstergame.com/de/00101,,
00102,Ich will Spass,Markus,1982,,https://www.youtube.com/watch?v=UW7lB7p0Eow,https://hitstergame.com/de/00102,,
00103,Lady - Hear Me Tonight,Modjo,2000,,https://www.youtube.com/watch?v=vRB1MLGEHSc,https://hitstergame.com/de/00103,,
00104,She Drives Me Crazy,Fine Young Cannibals,1988,,https://www.youtube.com/watch?v=UtvmTu4zAMg,https://hitstergame.com/de/00104,,
00105,Heimweh (Dort wo die Blumen blüh'n),Freddy Quinn,1956,,https://www.youtube.com/watch?v=CNwsXRsvVWE,https://hitstergame.com/de/00105,,
00106,Moskau,Dschinghis Khan,1979,,https://www.youtube.com/watch?v=EPdn9_h2dCY,https://hitstergame.com/de/00106,,
00107,Cotton Eye Joe,Rednex,1994,,https://www.youtube.com/watch?v=mOYZaiDZ7BM,https://hitstergame.com/de/00107,,
00108,I Can Help,Billy Swan,1974,,https://www.youtube.com/watch?v=bgPsM-YWBrE,https://hitstergame.com/de/00108,,
00109,Dancing In the Dark,Bruce Springsteen,1984,,https://www.youtube.com/watch?v=129kuDCQtHs,https://hitstergame.com/de/00109,,
00110,Day-O (The Banana Boat Song),Harry Belafonte,1956,,https://www.youtube.com/watch?v=YO7M0Hx_1D8,https://hitstergame.com/de/00110,,
00111,Ich will 'nen Cowboy als Mann,Gitte Haenning,1963,,https://www.youtube.com/watch?v=zOcyefACvws,https://hitstergame.com/de/00111,,
00112,Break My Heart,Dua Lipa,2020,,https://www.youtube.com/watch?v=Nj2U6rhnucI,https://hitstergame.com/de/00112,,
00113,Wrecking Ball,Miley Cyrus,2013,,https://www.youtube.com/watch?v=My2FRPA3Gf8,https://hitstergame.com/de/00113,,
00114,Jailhouse Rock,Elvis Presley,1957,,https://www.youtube.com/watch?v=PpsUOOfb-vE,https://hitstergame.com/de/00114,,
00115,Adore You,Harry Styles,2019,,https://www.youtube.com/watch?v=VF-r5TtlT9w,https://hitstergame.com/de/00115,,
00116,Good Golly Miss Molly,Little Richard,1958,,https://www.youtube.com/watch?v=ZVQV-1Fzl3w,https://hitstergame.com/de/00116,,
00117,The Ketchup Song,Las Ketchup,2002,,https://www.youtube.com/watch?v=V0PisGe66mY,https://hitstergame.com/de/00117,,
00118,"Relax, Take It Easy",MIKA,2007,,https://www.youtube.com/watch?v=RVmG_d3HKBA,https://hitstergame.com/de/00118,,
00119,I'm a Believer,The Monkees,1966,,https://www.youtube.com/watch?v=4PQAqprjOuA,https://hitstergame.com/de/00119,,
00120,Schuld war nur der Bossa Nova,Manuela,1963,,https://www.youtube.com/watch?v=Gnmq27MCkFY,https://hitstergame.com/de/00120,,
00121,I Love It (feat. Charli XCX),"Icona Pop, Charli XCX",2012,,https://www.youtube.com/watch?v=UxxajLWwzqY,https://hitstergame.com/de/00121,,
00122,World Hold on (Children of the Sky),Bob Sinclair,2006,,https://www.youtube.com/watch?v=XpdpW0z9xnQ,https://hitstergame.com/de/00122,,
00123,Born To Be Wild,Steppenwolf,1968,,https://www.youtube.com/watch?v=93fAJe8WVjA,https://hitstergame.com/de/00123,,
00124,Valerie (feat. Amy Winehouse),"Mark Ronson, Amy Winehouse",2007,,https://www.youtube.com/watch?v=bixuI_GV5I0,https://hitstergame.com/de/00124,,
00125,(What A) Wonderful World,Sam Cooke,1960,,https://www.youtube.com/watch?v=R4GLAKEjU4w,https://hitstergame.com/de/00125,,
00126,Männer,Herbert Grönemeyer,1984,,https://www.youtube.com/watch?v=UEJNMkEr1Ls,https://hitstergame.com/de/00126,,
00127,You Get What You Give,New Radicals,1998,,https://www.youtube.com/watch?v=DL7-CKirWZE,https://hitstergame.com/de/00127,,
00128,Mama,Heintje,1968,,https://www.youtube.com/watch?v=u0yqKrGKukE,https://hitstergame.com/de/00128,,
00129,My Heart Will Go On,Celine Dion,1997,,https://www.youtube.com/watch?v=9bFHsd3o1w0,https://hitstergame.com/de/00129,,
00130,Dancing On The Ceiling,Lionel Richie,1986,,https://www.youtube.com/watch?v=ovo6zwv6DX4,https://hitstergame.com/de/00130,,
00131,Give It Up,KC & The Sunshine Band,1982,,https://www.youtube.com/watch?v=N2Gi4Y4JzOA,https://hitstergame.com/de/00131,,
00132,Feel,Robbie Williams,2002,,https://www.youtube.com/watch?v=iy4mXZN1Zzk,https://hitstergame.com/de/00132,,
00133,How You Remind Me,Nickelback,2001,,https://www.youtube.com/watch?v=hhSLkkLl750,https://hitstergame.com/de/00133,,
00134,Got My Mind Set On You,George Harrison,1987,,https://www.youtube.com/watch?v=SuJuJA5k44Y,https://hitstergame.com/de/00134,,
00135,Verdammt lch lieb' dich,Matthias Reim,1990,,https://www.youtube.com/watch?v=fKV_Ma9T5N8,https://hitstergame.com/de/00135,,
00136,I Like To Move It,Reel 2 Real,1993,,https://www.youtube.com/watch?v=_NkpHLq76ro,https://hitstergame.com/de/00136,,
00137,Don't You Want Me,The Human League,1981,,https://www.youtube.com/watch?v=uPudE8nDog0,https://hitstergame.com/de/00137,,
00138,Drei Uhr Nachts,"Mark Forster, LEA",2021,,https://www.youtube.com/watch?v=fDSOhYhORiw,https://hitstergame.com/de/00138,,
00139,Westerland,Die Ärzte,1988,,https://www.youtube.com/watch?v=G-NrSn3K6gM,https://hitstergame.com/de/00139,,
00140,Every Breath You Take,The Police,1983,,https://www.youtube.com/watch?v=OMOGaugKpzs,https://hitstergame.com/de/00140,,
00141,Bitter Sweet Symphony,The Verve,1997,,https://www.youtube.com/watch?v=1lyu1KKwC74,https://hitstergame.com/de/00141,,
00142,Gettin' Jiggy Wit It,Will Smith,1998,,https://www.youtube.com/watch?v=3JcmQONgXJM,https://hitstergame.com/de/00142,,
00143,Barbie Girl,Aqua,1997,,https://www.youtube.com/watch?v=ZyhrYis509A,https://hitstergame.com/de/00143,,
00144,Pack Die Badehose Ein,Cornelia Froboess,1951,,https://www.youtube.com/watch?v=Jq755GRl4E0,https://hitstergame.com/de/00144,,
00145,Torn,Natalie Imbruglia,1997,,https://www.youtube.com/watch?v=VV1XWJN3nJo,https://hitstergame.com/de/00145,,
00146,The Wanderer,Dion,1961,,https://www.youtube.com/watch?v=SbYa7NBYyRc,https://hitstergame.com/de/00146,,
00147,La Bamba,Ritchie Valens,1958,,https://www.youtube.com/watch?v=t-L19Qt-ozI,https://hitstergame.com/de/00147,,
00148,Toosie Slide,Drake,2020,,https://www.youtube.com/watch?v=dGYxT1QReQs,https://hitstergame.com/de/00148,,
00149,drivers license,Olivia Rodrigo,2021,,https://www.youtube.com/watch?v=ZmDBbnmKpqQ,https://hitstergame.com/de/00149,,
00150,Moves Like Jagger,"Maroon 5, Christina Aguilera",2011,,https://www.youtube.com/watch?v=iEPTlhBmwRg,https://hitstergame.com/de/00150,,
00151,Atemlos durch die Nacht,Helene Fischer,2013,,https://www.youtube.com/watch?v=haECT-SerHk,https://hitstergame.com/de/00151,,
00152,Stop,Spice Girls,1998,,https://www.youtube.com/watch?v=5JD6ejmlpa8,https://hitstergame.com/de/00152,,
00153,If You Had My Love,Jennifer Lopez,1999,,https://www.youtube.com/watch?v=lYfkl-HXfuU,https://hitstergame.com/de/00153,,
00154,More Than a Feeling,Boston,1976,,https://www.youtube.com/watch?v=DCZNFmHJbV8,https://hitstergame.com/de/00154,,
00155,Disco Inferno,The Trammps,1976,,https://www.youtube.com/watch?v=pG8TyIEAqps,https://hitstergame.com/de/00155,,
00156,Someone You Loved,Lewis Capaldi,2018,,https://www.youtube.com/watch?v=zABLecsR5UE,https://hitstergame.com/de/00156,,
00157,"MIEF! (Nimm mich jetzt, auch wenn ich stinke)",Die Doofen,1995,,https://www.youtube.com/watch?v=gyrMA-pu6y8,https://hitstergame.com/de/00157,,
00158,Sweet Child O' Mine,Guns N' Roses,1988,,https://www.youtube.com/watch?v=1w7OgIMMRc4,https://hitstergame.com/de/00158,,
00159,Your Song,Elton John,1970,,https://www.youtube.com/watch?v=FT3D1Cu6g10,https://hitstergame.com/de/00159,,
00160,Congratulations,Cliff Richard,1968,,https://www.youtube.com/watch?v=770f-pwPe4o,https://hitstergame.com/de/00160,,
00161,You're So Vain,Carly Simon,1972,,https://www.youtube.com/watch?v=j13oJajXx0M,https://hitstergame.com/de/00161,,
00162,Easy,Commodores,1977,,https://www.youtube.com/watch?v=0XRrYgByp28,https://hitstergame.com/de/00162,,
00163,Forever Young,Alphaville,1984,,https://www.youtube.com/watch?v=t1TcDHrkQYg,https://hitstergame.com/de/00163,,
00164,Maneater,Daryl Hall & John Oates,1982,,https://www.youtube.com/watch?v=yRYFKcMa_Ek,https://hitstergame.com/de/00164,,
00165,Rock Me Amadeus,Falco,1985,,https://www.youtube.com/watch?v=OKxBk4V79Co,https://hitstergame.com/de/00165,,
00166,I Got You Babe,Sonny & Cher,1965,,https://www.youtube.com/watch?v=HKGjCPBSG38,https://hitstergame.com/de/00166,,
00167,Junge,Die Ärzte,2007,,https://www.youtube.com/watch?v=HpOt9DQh8AA,https://hitstergame.com/de/00167,,
00168,Everywhere,Fleetwood Mac,1987,,https://www.youtube.com/watch?v=YF1R0hc5Q2I,https://hitstergame.com/de/00168,,
00169,Zombie,The Cranberries,1994,,https://www.youtube.com/watch?v=6Ejga4kJUts,https://hitstergame.com/de/00169,,
00170,Barbra Streisand,Duck Sauce,2010,,https://www.youtube.com/watch?v=wWhtcU4-xAM,https://hitstergame.com/de/00170,,
00171,No One,Alicia Keys,2007,,https://www.youtube.com/watch?v=rywUS-ohqeE,https://hitstergame.com/de/00171,,
00172,I Knew You Were Waiting (For Me),"George Michael, Aretha Franklin",1987,,https://www.youtube.com/watch?v=fDxzQJaA228,https://hitstergame.com/de/00172,,
00173,"December, 1963 (Oh What a Night!)",Frankie Valli & The Four Seasons,1975,,https://www.youtube.com/watch?v=mTUhnIY3oRM,https://hitstergame.com/de/00173,,
00174,4 Minutes (feat. Justin Timberlake and Timbaland),Madonna,2008,,https://www.youtube.com/watch?v=aAQZPBwz2CI,https://hitstergame.com/de/00174,,
00175,Autobahn,Kraftwerk,1974,,https://www.youtube.com/watch?v=MOaDUBxAoVI,https://hitstergame.com/de/00175,,
00176,She's A Lady,Tom Jones,1971,,https://www.youtube.com/watch?v=x8G4xrYfWmw,https://hitstergame.com/de/00176,,
00177,Señorita,"Shawn Mendes, Camila Cabello",2019,,https://www.youtube.com/watch?v=Pkh8UtuejGw,https://hitstergame.com/de/00177,,
00178,Killing Me Softly With His Song,Fugees,1996,,https://www.youtube.com/watch?v=oKOtzIo-uYw,https://hitstergame.com/de/00178,,
00179,Oops!...I Did It Again,Britney Spears,2000,,https://www.youtube.com/watch?v=CduA0TULnow,https://hitstergame.com/de/00179,,
00180,Nur noch kurz die Welt retten,Tim Bendzko,2011,,https://www.youtube.com/watch?v=4BAKb2p450Q,https://hitstergame.com/de/00180,,
00181,Whatcha Say,Jason Derulo,2009,,https://www.youtube.com/watch?v=pBI3lc18k8Q,https://hitstergame.com/de/00181,,
00182,Abenteuerland,Pur,1995,,https://www.youtube.com/watch?v=XC-HspEa2vs,https://hitstergame.com/de/00182,,
00183,Talk,Coldplay,2005,,https://www.youtube.com/watch?v=EH9meoWmAOM,https://hitstergame.com/de/00183,,
00184,Somebody That I Used to Know (feat. Kimbra),Gotye,2011,,https://www.youtube.com/watch?v=8UVNT4wvIGY,https://hitstergame.com/de/00184,,
00185,Fast Car,Tracy Chapman,1988,,https://www.youtube.com/watch?v=AIOAlaACuv4,https://hitstergame.com/de/00185,,
00186,The Living Years,Mike + The Mechanics,1988,,https://www.youtube.com/watch?v=5hr64MxYpgk,https://hitstergame.com/de/00186,,
00187,Ab in den Süden,Buddy,2003,,https://www.youtube.com/watch?v=q5WdWSpz1vQ,https://hitstergame.com/de/00187,,
00188,The Boy Is Mine,Brandy & Monica,1998,,https://www.youtube.com/watch?v=qSIOp_K5GMw,https://hitstergame.com/de/00188,,
00189,All I Have to Do Is Dream,The Everly Brothers,1958,,https://www.youtube.com/watch?v=56cKlT62wrQ,https://hitstergame.com/de/00189,,
00190,Surfin' U.S.A.,The Beach Boys,1963,,https://www.youtube.com/watch?v=KcZn05qxVgg,https://hitstergame.com/de/00190,,
00191,Whole Again,Atomic Kitten,2001,,https://www.youtube.com/watch?v=1V0xQkk9kbc,https://hitstergame.com/de/00191,,
00192,Right Here Waiting,Richard Marx,1989,,https://www.youtube.com/watch?v=S_E2EHVxNAE,https://hitstergame.com/de/00192,,
00193,Geboren um zu leben,Unheilig,2010,,https://www.youtube.com/watch?v=1YOovPkiMrk,https://hitstergame.com/de/00193,,
00194,Die Nacht von Freitag auf Montag,SDP feat. Sido,2012,,https://www.youtube.com/watch?v=388e_8mu1t4,https://hitstergame.com/de/00194,,
00195,Fallin',Alicia Keys,2001,,https://www.youtube.com/watch?v=Urdlvw0SSEc,https://hitstergame.com/de/00195,,
00196,Firework,Katy Perry,2010,,https://www.youtube.com/watch?v=QGJuMBdaqIw,https://hitstergame.com/de/00196,,
00197,Genie In A Bottle,Christina Aguilera,1999,,https://www.youtube.com/watch?v=kIDWgqDBNXA,https://hitstergame.com/de/00197,,
00198,Euphoria,Loreen,2012,,https://www.youtube.com/watch?v=t5qURKt4maw,https://hitstergame.com/de/00198,,
00199,Africa,TOTO,1982,,https://www.youtube.com/watch?v=FTQbiNvZqaY,https://hitstergame.com/de/00199,,
00200,At The Hop,Danny & The Juniors,1957,,https://www.youtube.com/watch?v=SEPvoNA1OGw,https://hitstergame.com/de/00200,,
00201,Mr. Vain,Culture Beat,1993,,https://www.youtube.com/watch?v=VAmq5-wcLHE,https://hitstergame.com/de/00201,,
00202,Sweet Dreams (Are Made Of This),"Eurythmics, Annie Lennox, Dave Stewart",1983,,https://www.youtube.com/watch?v=qeMFqkcPYcg,https://hitstergame.com/de/00202,,
00203,All About That Bass,Meghan Trainor,2014,,https://www.youtube.com/watch?v=7PCkvCPvDXk,https://hitstergame.com/de/00203,,
00204,Don't Dream It's Over,Crowded House,1986,,https://www.youtube.com/watch?v=J9gKyRmic20,https://hitstergame.com/de/00204,,
00205,Purple Rain,Prince,1984,,https://www.youtube.com/watch?v=S6Y1gohk5-A,https://hitstergame.com/de/00205,,
00206,All of Me,John Legend,2013,,https://www.youtube.com/watch?v=450p7goxZqg,https://hitstergame.com/de/00206,,
00207,Schöner fremder Mann,Connie Francis,1964,,https://www.youtube.com/watch?v=X6OUwtI9J5E,https://hitstergame.com/de/00207,,
00208,Love Is All Around,Wet Wet Wet,1994,,https://www.youtube.com/watch?v=h3gEkwhdXUE,https://hitstergame.com/de/00208,,
00209,Gangsta's Paradise,Coolio feat. L.V.,1995,,https://www.youtube.com/watch?v=SQCSxqScSVQ,https://hitstergame.com/de/00209,,
00210,See You Later Alligator,Bill Haley & His Comets,1956,,https://www.youtube.com/watch?v=Y5b2R6SE26Y,https://hitstergame.com/de/00210,,
00211,Jump Around,House Of Pain,1992,,https://www.youtube.com/watch?v=jrL_LzX5wv4,https://hitstergame.com/de/00211,,
00212,Nothing Compares 2 U,Sinéad O'Connor,1990,,https://www.youtube.com/watch?v=0-EF60neguk,https://hitstergame.com/de/00212,,
00213,Engel,Rammstein,1997,,https://www.youtube.com/watch?v=x2rQzv8OWEY,https://hitstergame.com/de/00213,,
00214,Because of You,Kelly Clarkson,2005,,https://www.youtube.com/watch?v=Ra-Om7UMSJc,https://hitstergame.com/de/00214,,
00215,Du trägst keine Liebe in dir,Echt,1999,,https://www.youtube.com/watch?v=7fUpaXxPgMI,https://hitstergame.com/de/00215,,
00216,Part-Time Lover,Stevie Wonder,1985,,https://www.youtube.com/watch?v=MpDM6ygsb20,https://hitstergame.com/de/00216,,
00217,Walk Of Life,Dire Straits,1985,,https://www.youtube.com/watch?v=kd9TlGDZGkI,https://hitstergame.com/de/00217,,
00218,All That She Wants,Ace of Base,1992,,https://www.youtube.com/watch?v=d73tiBBzvFM,https://hitstergame.com/de/00218,,
00219,Alles nur geklaut,Die Prinzen,1993,,https://www.youtube.com/watch?v=yMR45cZbvDw,https://hitstergame.com/de/00219,,
00220,Waterloo,ABBA,1974,,https://www.youtube.com/watch?v=Sj_9CiNkkn4,https://hitstergame.com/de/00220,,
00221,Heaven,Bryan Adams,1985,,https://www.youtube.com/watch?v=s6TtwR2Dbjg,https://hitstergame.com/de/00221,,
00222,Durch den Monsun,Tokio Hotel,2005,,https://www.youtube.com/watch?v=S_Sy5-sOodA,https://hitstergame.com/de/00222,,
00223,The Locomotion,Little Eva,1962,,https://www.youtube.com/watch?v=HiN03MTBCYo,https://hitstergame.com/de/00223,,
00224,Smells Like Teen Spirit,Nirvana,1991,,https://www.youtube.com/watch?v=hTWKbfoikeg,https://hitstergame.com/de/00224,,
00225,Fly Away,Lenny Kravitz,1998,,https://www.youtube.com/watch?v=EvuL5jyCHOw,https://hitstergame.com/de/00225,,
00226,Smalltown Boy,Bronski Beat,1984,,https://www.youtube.com/watch?v=88sARuFu-tc,https://hitstergame.com/de/00226,,
00227,Ring of Fire,Johnny Cash,1963,,https://www.youtube.com/watch?v=1WaV2x8GXj0,https://hitstergame.com/de/00227,,
00228,These Boots Are Made for Walkin',Nancy Sinatra,1965,,https://www.youtube.com/watch?v=GM1kzbAgo_E,https://hitstergame.com/de/00228,,
00229,Price Tag ft. B.o.B,Jessie J,2011,,https://www.youtube.com/watch?v=qMxX-QOV9tI,https://hitstergame.com/de/00229,,
00230,Itsy Bitsy Teenie Weenie Honolulu Strand Bikini,"Caterina Valente, Silvio Francesco",1960,,https://www.youtube.com/watch?v=xxSPQGaGqd0,https://hitstergame.com/de/00230,,
00231,Informer,Snow,1992,,https://www.youtube.com/watch?v=TSffz_bl6zo,https://hitstergame.com/de/00231,,
00232,Das Beste,Silbermond,2006,,https://www.youtube.com/watch?v=LyYAQHDMqfA,https://hitstergame.com/de/00232,,
00233,Celebration,Kool & The Gang,1980,,https://www.youtube.com/watch?v=3GwjfUFyY6M,https://hitstergame.com/de/00233,,
00234,Believe,Cher,1998,,https://www.youtube.com/watch?v=nZXRV4MezEw,https://hitstergame.com/de/00234,,
00235,Knock On Wood,Amii Stewart,1979,,https://www.youtube.com/watch?v=oLS57N4kUN0,https://hitstergame.com/de/00235,,
00236,Mercy,Duffy,2008,,https://www.youtube.com/watch?v=y7ZEVA5dy-Y,https://hitstergame.com/de/00236,,
00237,We Are Family,Sister Sledge,1979,,https://www.youtube.com/watch?v=lJh4L8NMHfw,https://hitstergame.com/de/00237,,
00238,In the Summertime,Mungo Jerry,1970,,https://www.youtube.com/watch?v=wvUQcnfwUUM,https://hitstergame.com/de/00238,,
00239,Return of the Mack,Mark Morrison,1996,,https://www.youtube.com/watch?v=uB1D9wWxd2w,https://hitstergame.com/de/00239,,
00240,Zuckerpuppe (Aus der Bauchtanz-Truppe),Bill Ramsey,1961,,https://www.youtube.com/watch?v=udkFht8LtP0,https://hitstergame.com/de/00240,,
00241,Nah Neh Nah,Vaya Con Dios,1990,,https://www.youtube.com/watch?v=VMakqYyrd3s,https://hitstergame.com/de/00241,,
00242,Emanuela,Fettes Brot,2005,,https://www.youtube.com/watch?v=rigxc8puTts,https://hitstergame.com/de/00242,,
00243,Skandal im Sperrbezirk,Spider Murphy Gang,1981,,https://www.youtube.com/watch?v=u-AwlK_wBJ8,https://hitstergame.com/de/00243,,
00244,It's My Life,Bon Jovi,2000,,https://youtu.be/vx2u5uUu3DE?t=25,https://hitstergame.com/de/00244,,
00245,Ganz Paris Träumt Von Der Liebe,Caterina Valente,1954,,https://www.youtube.com/watch?v=uhVP418YR_8,https://hitstergame.com/de/00245,,
00246,Crazy In Love (feat. Jay-Z),Beyoncé,2003,,https://www.youtube.com/watch?v=ViwtNLUqkMY,https://hitstergame.com/de/00246,,
00247,Blinding Lights,The Weeknd,2019,,https://www.youtube.com/watch?v=4NRXx6U8ABQ,https://hitstergame.com/de/00247,,
00248,Die Gitarre und das Meer,Freddy Quinn,1959,,https://www.youtube.com/watch?v=3y57Xi5crxA,https://hitstergame.com/de/00248,,
00249,Save Tonight,Eagle-Eye Cherry,1997,,https://www.youtube.com/watch?v=Nntd2fgMUYw,https://hitstergame.com/de/00249,,
00250,Holding Back the Years,Simply Red,1985,,https://www.youtube.com/watch?v=yG07WSu7Q9w,https://hitstergame.com/de/00250,,
00251,Die Eine,Die Firma,1998,,https://www.youtube.com/watch?v=B_UubU2rxJw,https://hitstergame.com/de/00251,,
00252,1000 und 1 Nacht,Klaus Lage,1984,,https://www.youtube.com/watch?v=s-Sqe30hn4U,https://hitstergame.com/de/00252,,
00253,Die guten Zeiten,"Wincent Weiss, Johannes Oerding",2021,,https://www.youtube.com/watch?v=Swlxm_msl4k,https://hitstergame.com/de/00253,,
00254,Circles,Post Malone,2019,,https://www.youtube.com/watch?v=wXhTHyIgQ_U,https://hitstergame.com/de/00254,,
00255,"Marmor, Stein und Eisen bricht",Drafi Deutscher,1965,,https://www.youtube.com/watch?v=BTmtOd4mpco,https://hitstergame.com/de/00255,,
00256,Why,Annie Lennox,1992,,https://www.youtube.com/watch?v=HG7I4oniOyA,https://hitstergame.com/de/00256,,
00257,Cheap Thrills,Sia,2015,,https://www.youtube.com/watch?v=31crA53Dgu0,https://hitstergame.com/de/00257,,
00258,Under Pressure,"Queen, David Bowie",1981,,https://www.youtube.com/watch?v=a01QQZyl-_I,https://hitstergame.com/de/00258,,
00259,Numb / Encore,"JAY-Z, Linkin Park",2004,,https://www.youtube.com/watch?v=Ptgu47t9rKk,https://hitstergame.com/de/00259,,
00260,Good Vibrations,The Beach Boys,1966,,https://www.youtube.com/watch?v=apBWI6xrbLY,https://hitstergame.com/de/00260,,
00261,Ain't That A Shame,Fats Domino,1955,,https://www.youtube.com/watch?v=50OF4x1lIbg,https://hitstergame.com/de/00261,,
00262,Das Boot,U96,1992,,https://www.youtube.com/watch?v=YVxXbTk-zsQ,https://hitstergame.com/de/00262,,
00263,Praise You,Fatboy Slim,1999,,https://www.youtube.com/watch?v=ruAi4VBoBSM,https://hitstergame.com/de/00263,,
00264,Could I Have This Kiss Forever,"Enrique Iglesias, Whitney Houston",2000,,https://www.youtube.com/watch?v=zsfj9j0kjoU,https://hitstergame.com/de/00264,,
00265,Major Tom (Völlig lösgelöst),Peter Schilling,1982,,https://www.youtube.com/watch?v=vr_UK0tSb8M,https://hitstergame.com/de/00265,,
00266,Where Is The Love?,Black Eyed Peas,2003,,https://www.youtube.com/watch?v=WpYeekQkAdc,https://hitstergame.com/de/00266,,
00267,It Wasn't Me,"Shaggy, Rik Rok",2000,,https://www.youtube.com/watch?v=sTMgX1PDGAE,https://hitstergame.com/de/00267,,
00268,Dance Monkey,Tones And I,2019,,https://www.youtube.com/watch?v=q0hyYWKXF0Q,https://hitstergame.com/de/00268,,
00269,It's In The Kiss (The Shoop Shoop Song),Betty Everett,1964,,https://www.youtube.com/watch?v=5XOVJsJAIW0,https://hitstergame.com/de/00269,,
00270,I Got You (I Feel Good),James Brown & The Famous Flames,1965,,https://www.youtube.com/watch?v=3C6pGF43L7Q,https://hitstergame.com/de/00270,,
00271,Lonely,Akon,2005,,https://www.youtube.com/watch?v=6EEW-9NDM5k,https://hitstergame.com/de/00271,,
00272,Super Freak,Rick James,1981,,https://www.youtube.com/watch?v=QYHxGBH6o4M,https://hitstergame.com/de/00272,,
00273,Tränen lügen nicht,Michael Holm,1974,,https://www.youtube.com/watch?v=NFyk4D7a0cY,https://hitstergame.com/de/00273,,
00274,When a Man Loves a Woman,Percy Sledge,1966,,https://www.youtube.com/watch?v=KwPxhWU1koE,https://hitstergame.com/de/00274,,
00275,Blue Bayou,Linda Ronstadt,1977,,https://www.youtube.com/watch?v=IDBVW4BXZPo,https://hitstergame.com/de/00275,,
00276,Jolene,Dolly Parton,1973,,https://www.youtube.com/watch?v=Ixrje2rXLMA,https://hitstergame.com/de/00276,,
00277,Like a Prayer,MadHouse,2002,,https://www.youtube.com/watch?v=4v2SXG_fkWg,https://hitstergame.com/de/00277,,
00278,That's Amore,Dean Martin,1953,,https://www.youtube.com/watch?v=RUz1pZ_LujU,https://hitstergame.com/de/00278,,
00279,Piano Man,Billy Joel,1973,,https://www.youtube.com/watch?v=gxEPV4kolz0,https://hitstergame.com/de/00279,,
00280,Er hat ein knallrotes Gummiboot,Wencke Myhre,1970,,https://www.youtube.com/watch?v=YJrQiv-FHEg,https://hitstergame.com/de/00280,,
00281,Space Oddity,David Bowie,1969,,https://www.youtube.com/watch?v=iYYRH4apXDo,https://hitstergame.com/de/00281,,
00282,Anyone,Justin Bieber,2021,,https://www.youtube.com/watch?v=KIK3azN4w34,https://hitstergame.com/de/00282,,
00283,Scars To Your Beautiful,Alessia Cara,2016,,https://www.youtube.com/watch?v=MWASeaYuHZo,https://hitstergame.com/de/00283,,
00284,Get Back,The Beatles,1969,,https://www.youtube.com/watch?v=YEESfv-11ng,https://hitstergame.com/de/00284,,
00285,Waka Waka (This Time for Africa) ft. Freshlyground,Shakira,2010,,https://www.youtube.com/watch?v=Ntn1-SocNiY,https://hitstergame.com/de/00285,,
00286,Let's Stick Together,Bryan Ferry,1976,,https://www.youtube.com/watch?v=Z9EbR0ckb40,https://hitstergame.com/de/00286,,
00287,Put Your Records On,Corinne Bailey Rae,2006,,https://www.youtube.com/watch?v=rjOhZZyn30k,https://hitstergame.com/de/00287,,
00288,Ice Ice Baby,Vanilla Ice,1990,,https://www.youtube.com/watch?v=rog8ou-ZepE,https://hitstergame.com/de/00288,,
00289,When I Need You,Leo Sayer,1977,,https://www.youtube.com/watch?v=obC0MFHWJ0A,https://hitstergame.com/de/00289,,
00290,bad guy,Billie Eilish,2019,,https://www.youtube.com/watch?v=DyDfgMOUjCI,https://hitstergame.com/de/00290,,
00291,Feel It Still,Portugal. The Man,2017,,https://www.youtube.com/watch?v=pBkHHoOIIn8,https://hitstergame.com/de/00291,,
00292,Shallow,"Lady Gaga, Bradley Cooper",2018,,https://www.youtube.com/watch?v=bo_efYhYU2A,https://hitstergame.com/de/00292,,
00293,Vom selben Stern,Ich + Ich,2007,,https://www.youtube.com/watch?v=cDoHZb9vCs4,https://hitstergame.com/de/00293,,
00294,"Hey, Soul Sister",Train,2009,,https://www.youtube.com/watch?v=kVpv8-5XWOI,https://hitstergame.com/de/00294,,
00295,Can't Help Falling in Love,Elvis Presley,1961,,https://www.youtube.com/watch?v=vGJTaP6anOU,https://hitstergame.com/de/00295,,
00296,Call on Me,Eric Prydz,2004,,https://www.youtube.com/watch?v=L_fCqg92qks,https://hitstergame.com/de/00296,,
00297,I Heard It Through The Grapevine,Marvin Gaye,1968,,https://www.youtube.com/watch?v=VWG3npfEoHo,https://hitstergame.com/de/00297,,
00298,Ein Bett Im Kornfeld,Jürgen Drews,1976,,https://www.youtube.com/watch?v=XqX0720VTRY,https://hitstergame.com/de/00298,,
00299,Dancing in the Moonlight,Toploader,2000,,https://www.youtube.com/watch?v=0yBnIUX0QAE,https://hitstergame.com/de/00299,,
00300,Escape (The Pina Colada Song),Rupert Holmes,1979,,https://www.youtube.com/watch?v=FXG_I_tf_i4,https://hitstergame.com/de/00300,,
00301,Thunder,Imagine Dragons,2017,,https://www.youtube.com/watch?v=fKopy74weus,https://hitstergame.com/de/00301,,
00302,"Oh, Pretty Woman",Roy Orbison,1964,,https://www.youtube.com/watch?v=3KFvoDDs0XM,https://hitstergame.com/de/00302,,
00303,Lollipop,The Chordettes,1958,,https://www.youtube.com/watch?v=sGH7aWA49DQ,https://hitstergame.com/de/00303,,
00304,No Woman No Cry,Bob Marley & The Wailers,1974,,https://www.youtube.com/watch?v=IT8XvzIfi4U,https://hitstergame.com/de/00304,,
00305,Respect,Aretha Franklin,1967,,https://www.youtube.com/watch?v=9iayJ8u4Qew,https://hitstergame.com/de/00305,,
00306,You Can Get It If You Really Want,Jimmy Cliff,1970,,https://www.youtube.com/watch?v=75OuJvXsENQ,https://hitstergame.com/de/00306,,
00307,Wooly Bully,Sam The Sham & The Pharaohs,1965,,https://www.youtube.com/watch?v=kJbGfywArcY,https://hitstergame.com/de/00307,,
00308,Fireflies,Owl City,2009,,https://www.youtube.com/watch?v=psuRGfAaju4,https://hitstergame.com/de/00308,,